id,country,indicator,date,month,full date,parts per million,percent
1,World,Monthly Atmospheric Carbon Dioxide Concentrations,1958,3,3/1/1958,315.7,
2,World,Monthly Atmospheric Carbon Dioxide Concentrations,1958,4,4/1/1958,317.45,
3,World,Monthly Atmospheric Carbon Dioxide Concentrations,1958,5,5/1/1958,317.51,
4,World,Monthly Atmospheric Carbon Dioxide Concentrations,1958,6,6/1/1958,317.24,
5,World,Monthly Atmospheric Carbon Dioxide Concentrations,1958,7,7/1/1958,315.86,
6,World,Monthly Atmospheric Carbon Dioxide Concentrations,1958,8,8/1/1958,314.93,
7,World,Monthly Atmospheric Carbon Dioxide Concentrations,1958,9,9/1/1958,313.2,
8,World,Monthly Atmospheric Carbon Dioxide Concentrations,1958,10,10/1/1958,312.43,
9,World,Monthly Atmospheric Carbon Dioxide Concentrations,1958,11,11/1/1958,313.33,
10,World,Monthly Atmospheric Carbon Dioxide Concentrations,1958,12,12/1/1958,314.67,
11,World,Monthly Atmospheric Carbon Dioxide Concentrations,1959,1,1/1/1959,315.58,
12,World,Monthly Atmospheric Carbon Dioxide Concentrations,1959,2,2/1/1959,316.48,
13,World,Monthly Atmospheric Carbon Dioxide Concentrations,1959,3,3/1/1959,316.65,0.300918594
15,World,Monthly Atmospheric Carbon Dioxide Concentrations,1959,4,4/1/1959,317.72,0.085052764
17,World,Monthly Atmospheric Carbon Dioxide Concentrations,1959,5,5/1/1959,318.29,0.245661554
19,World,Monthly Atmospheric Carbon Dioxide Concentrations,1959,6,6/1/1959,318.15,0.286849073
21,World,Monthly Atmospheric Carbon Dioxide Concentrations,1959,7,7/1/1959,316.54,0.215285253
23,World,Monthly Atmospheric Carbon Dioxide Concentrations,1959,8,8/1/1959,314.8,-0.041279014
25,World,Monthly Atmospheric Carbon Dioxide Concentrations,1959,9,9/1/1959,313.84,0.204342273
27,World,Monthly Atmospheric Carbon Dioxide Concentrations,1959,10,10/1/1959,313.33,0.288064526
29,World,Monthly Atmospheric Carbon Dioxide Concentrations,1959,11,11/1/1959,314.81,0.47234545
31,World,Monthly Atmospheric Carbon Dioxide Concentrations,1959,12,12/1/1959,315.58,0.289191852
33,World,Monthly Atmospheric Carbon Dioxide Concentrations,1960,1,1/1/1960,316.43,0.269345332
35,World,Monthly Atmospheric Carbon Dioxide Concentrations,1960,2,2/1/1960,316.98,0.157987867
37,World,Monthly Atmospheric Carbon Dioxide Concentrations,1960,3,3/1/1960,317.58,0.293699668
39,World,Monthly Atmospheric Carbon Dioxide Concentrations,1960,4,4/1/1960,319.03,0.412312728
41,World,Monthly Atmospheric Carbon Dioxide Concentrations,1960,5,5/1/1960,320.04,0.549813064
43,World,Monthly Atmospheric Carbon Dioxide Concentrations,1960,6,6/1/1960,319.59,0.45261669
45,World,Monthly Atmospheric Carbon Dioxide Concentrations,1960,7,7/1/1960,318.18,0.518101978
47,World,Monthly Atmospheric Carbon Dioxide Concentrations,1960,8,8/1/1960,315.9,0.349428208
49,World,Monthly Atmospheric Carbon Dioxide Concentrations,1960,9,9/1/1960,314.17,0.105149121
51,World,Monthly Atmospheric Carbon Dioxide Concentrations,1960,10,10/1/1960,313.83,0.159576166
53,World,Monthly Atmospheric Carbon Dioxide Concentrations,1960,11,11/1/1960,315,0.060353864
55,World,Monthly Atmospheric Carbon Dioxide Concentrations,1960,12,12/1/1960,316.19,0.193294886
57,World,Monthly Atmospheric Carbon Dioxide Concentrations,1961,1,1/1/1961,316.89,0.145371804
59,World,Monthly Atmospheric Carbon Dioxide Concentrations,1961,2,2/1/1961,317.7,0.227143668
61,World,Monthly Atmospheric Carbon Dioxide Concentrations,1961,3,3/1/1961,318.54,0.302286038
63,World,Monthly Atmospheric Carbon Dioxide Concentrations,1961,4,4/1/1961,319.48,0.141052566
65,World,Monthly Atmospheric Carbon Dioxide Concentrations,1961,5,5/1/1961,320.58,0.168728909
67,World,Monthly Atmospheric Carbon Dioxide Concentrations,1961,6,6/1/1961,319.77,0.056322163
69,World,Monthly Atmospheric Carbon Dioxide Concentrations,1961,7,7/1/1961,318.57,0.122572129
71,World,Monthly Atmospheric Carbon Dioxide Concentrations,1961,8,8/1/1961,316.79,0.281734726
73,World,Monthly Atmospheric Carbon Dioxide Concentrations,1961,9,9/1/1961,314.99,0.261005188
75,World,Monthly Atmospheric Carbon Dioxide Concentrations,1961,10,10/1/1961,315.31,0.471592901
77,World,Monthly Atmospheric Carbon Dioxide Concentrations,1961,11,11/1/1961,316.1,0.349206349
79,World,Monthly Atmospheric Carbon Dioxide Concentrations,1961,12,12/1/1961,317.01,0.25933774
81,World,Monthly Atmospheric Carbon Dioxide Concentrations,1962,1,1/1/1962,317.94,0.331345262
83,World,Monthly Atmospheric Carbon Dioxide Concentrations,1962,2,2/1/1962,318.55,0.267548001
85,World,Monthly Atmospheric Carbon Dioxide Concentrations,1962,3,3/1/1962,319.68,0.35788284
87,World,Monthly Atmospheric Carbon Dioxide Concentrations,1962,4,4/1/1962,320.57,0.341179417
89,World,Monthly Atmospheric Carbon Dioxide Concentrations,1962,5,5/1/1962,321.02,0.137251232
91,World,Monthly Atmospheric Carbon Dioxide Concentrations,1962,6,6/1/1962,320.62,0.265816055
93,World,Monthly Atmospheric Carbon Dioxide Concentrations,1962,7,7/1/1962,319.61,0.326458863
95,World,Monthly Atmospheric Carbon Dioxide Concentrations,1962,8,8/1/1962,317.4,0.192556583
97,World,Monthly Atmospheric Carbon Dioxide Concentrations,1962,9,9/1/1962,316.25,0.400012699
99,World,Monthly Atmospheric Carbon Dioxide Concentrations,1962,10,10/1/1962,315.42,0.034886302
101,World,Monthly Atmospheric Carbon Dioxide Concentrations,1962,11,11/1/1962,316.69,0.186649794
103,World,Monthly Atmospheric Carbon Dioxide Concentrations,1962,12,12/1/1962,317.7,0.217658749
105,World,Monthly Atmospheric Carbon Dioxide Concentrations,1963,1,1/1/1963,318.74,0.251619802
107,World,Monthly Atmospheric Carbon Dioxide Concentrations,1963,2,2/1/1963,319.07,0.16323968
109,World,Monthly Atmospheric Carbon Dioxide Concentrations,1963,3,3/1/1963,319.86,0.056306306
111,World,Monthly Atmospheric Carbon Dioxide Concentrations,1963,4,4/1/1963,321.38,0.252674923
113,World,Monthly Atmospheric Carbon Dioxide Concentrations,1963,5,5/1/1963,322.25,0.383153698
115,World,Monthly Atmospheric Carbon Dioxide Concentrations,1963,6,6/1/1963,321.48,0.268230304
117,World,Monthly Atmospheric Carbon Dioxide Concentrations,1963,7,7/1/1963,319.74,0.040674572
119,World,Monthly Atmospheric Carbon Dioxide Concentrations,1963,8,8/1/1963,317.77,0.116572149
121,World,Monthly Atmospheric Carbon Dioxide Concentrations,1963,9,9/1/1963,316.21,-0.012648221
123,World,Monthly Atmospheric Carbon Dioxide Concentrations,1963,10,10/1/1963,315.99,0.180711432
125,World,Monthly Atmospheric Carbon Dioxide Concentrations,1963,11,11/1/1963,317.07,0.119991159
127,World,Monthly Atmospheric Carbon Dioxide Concentrations,1963,12,12/1/1963,318.35,0.20459553
129,World,Monthly Atmospheric Carbon Dioxide Concentrations,1964,1,1/1/1964,319.57,0.260400326
131,World,Monthly Atmospheric Carbon Dioxide Concentrations,1964,2,2/1/1964,320.01,0.294606199
133,World,Monthly Atmospheric Carbon Dioxide Concentrations,1964,3,3/1/1964,320.74,0.275120365
135,World,Monthly Atmospheric Carbon Dioxide Concentrations,1964,4,4/1/1964,321.84,0.14313274
137,World,Monthly Atmospheric Carbon Dioxide Concentrations,1964,5,5/1/1964,322.26,0.003103181
139,World,Monthly Atmospheric Carbon Dioxide Concentrations,1964,6,6/1/1964,321.89,0.12753515
141,World,Monthly Atmospheric Carbon Dioxide Concentrations,1964,7,7/1/1964,320.44,0.218927879
143,World,Monthly Atmospheric Carbon Dioxide Concentrations,1964,8,8/1/1964,318.69,0.289517576
145,World,Monthly Atmospheric Carbon Dioxide Concentrations,1964,9,9/1/1964,316.7,0.154960311
147,World,Monthly Atmospheric Carbon Dioxide Concentrations,1964,10,10/1/1964,316.87,0.278489826
149,World,Monthly Atmospheric Carbon Dioxide Concentrations,1964,11,11/1/1964,317.68,0.192386539
151,World,Monthly Atmospheric Carbon Dioxide Concentrations,1964,12,12/1/1964,318.71,0.113083085
153,World,Monthly Atmospheric Carbon Dioxide Concentrations,1965,1,1/1/1965,319.44,-0.040679663
155,World,Monthly Atmospheric Carbon Dioxide Concentrations,1965,2,2/1/1965,320.44,0.134370801
157,World,Monthly Atmospheric Carbon Dioxide Concentrations,1965,3,3/1/1965,320.89,0.046766852
159,World,Monthly Atmospheric Carbon Dioxide Concentrations,1965,4,4/1/1965,322.14,0.093214019
161,World,Monthly Atmospheric Carbon Dioxide Concentrations,1965,5,5/1/1965,322.17,-0.02792776
163,World,Monthly Atmospheric Carbon Dioxide Concentrations,1965,6,6/1/1965,321.87,-0.006213303
165,World,Monthly Atmospheric Carbon Dioxide Concentrations,1965,7,7/1/1965,321.21,0.240294595
167,World,Monthly Atmospheric Carbon Dioxide Concentrations,1965,8,8/1/1965,318.87,0.05648122
169,World,Monthly Atmospheric Carbon Dioxide Concentrations,1965,9,9/1/1965,317.81,0.350489422
171,World,Monthly Atmospheric Carbon Dioxide Concentrations,1965,10,10/1/1965,317.3,0.135702338
173,World,Monthly Atmospheric Carbon Dioxide Concentrations,1965,11,11/1/1965,318.87,0.374590783
175,World,Monthly Atmospheric Carbon Dioxide Concentrations,1965,12,12/1/1965,319.42,0.222773054
177,World,Monthly Atmospheric Carbon Dioxide Concentrations,1966,1,1/1/1966,320.62,0.369396444
179,World,Monthly Atmospheric Carbon Dioxide Concentrations,1966,2,2/1/1966,321.6,0.362002247
181,World,Monthly Atmospheric Carbon Dioxide Concentrations,1966,3,3/1/1966,322.39,0.467449905
183,World,Monthly Atmospheric Carbon Dioxide Concentrations,1966,4,4/1/1966,323.7,0.484261501
185,World,Monthly Atmospheric Carbon Dioxide Concentrations,1966,5,5/1/1966,324.08,0.592854704
187,World,Monthly Atmospheric Carbon Dioxide Concentrations,1966,6,6/1/1966,323.75,0.584086743
189,World,Monthly Atmospheric Carbon Dioxide Concentrations,1966,7,7/1/1966,322.38,0.364247688
191,World,Monthly Atmospheric Carbon Dioxide Concentrations,1966,8,8/1/1966,320.36,0.467275065
193,World,Monthly Atmospheric Carbon Dioxide Concentrations,1966,9,9/1/1966,318.64,0.26116233
195,World,Monthly Atmospheric Carbon Dioxide Concentrations,1966,10,10/1/1966,318.1,0.252127324
197,World,Monthly Atmospheric Carbon Dioxide Concentrations,1966,11,11/1/1966,319.78,0.285382758
199,World,Monthly Atmospheric Carbon Dioxide Concentrations,1966,12,12/1/1966,321.03,0.50403857
201,World,Monthly Atmospheric Carbon Dioxide Concentrations,1967,1,1/1/1967,322.33,0.533341651
203,World,Monthly Atmospheric Carbon Dioxide Concentrations,1967,2,2/1/1967,322.5,0.279850746
205,World,Monthly Atmospheric Carbon Dioxide Concentrations,1967,3,3/1/1967,323.04,0.201619157
207,World,Monthly Atmospheric Carbon Dioxide Concentrations,1967,4,4/1/1967,324.42,0.222428174
209,World,Monthly Atmospheric Carbon Dioxide Concentrations,1967,5,5/1/1967,325,0.283880523
211,World,Monthly Atmospheric Carbon Dioxide Concentrations,1967,6,6/1/1967,324.09,0.105019305
213,World,Monthly Atmospheric Carbon Dioxide Concentrations,1967,7,7/1/1967,322.54,0.04963087
215,World,Monthly Atmospheric Carbon Dioxide Concentrations,1967,8,8/1/1967,320.92,0.174803346
217,World,Monthly Atmospheric Carbon Dioxide Concentrations,1967,9,9/1/1967,319.25,0.191438614
219,World,Monthly Atmospheric Carbon Dioxide Concentrations,1967,10,10/1/1967,319.39,0.405532851
221,World,Monthly Atmospheric Carbon Dioxide Concentrations,1967,11,11/1/1967,320.73,0.297079242
223,World,Monthly Atmospheric Carbon Dioxide Concentrations,1967,12,12/1/1967,321.96,0.289692552
225,World,Monthly Atmospheric Carbon Dioxide Concentrations,1968,1,1/1/1968,322.57,0.074457854
227,World,Monthly Atmospheric Carbon Dioxide Concentrations,1968,2,2/1/1968,323.15,0.201550388
229,World,Monthly Atmospheric Carbon Dioxide Concentrations,1968,3,3/1/1968,323.89,0.26312531
231,World,Monthly Atmospheric Carbon Dioxide Concentrations,1968,4,4/1/1968,325.02,0.184945441
233,World,Monthly Atmospheric Carbon Dioxide Concentrations,1968,5,5/1/1968,325.57,0.175384615
235,World,Monthly Atmospheric Carbon Dioxide Concentrations,1968,6,6/1/1968,325.36,0.391866457
237,World,Monthly Atmospheric Carbon Dioxide Concentrations,1968,7,7/1/1968,324.14,0.496062504
239,World,Monthly Atmospheric Carbon Dioxide Concentrations,1968,8,8/1/1968,322.11,0.370808924
241,World,Monthly Atmospheric Carbon Dioxide Concentrations,1968,9,9/1/1968,320.33,0.338292874
243,World,Monthly Atmospheric Carbon Dioxide Concentrations,1968,10,10/1/1968,320.25,0.269263283
245,World,Monthly Atmospheric Carbon Dioxide Concentrations,1968,11,11/1/1968,321.32,0.183955352
247,World,Monthly Atmospheric Carbon Dioxide Concentrations,1968,12,12/1/1968,322.89,0.288855758
249,World,Monthly Atmospheric Carbon Dioxide Concentrations,1969,1,1/1/1969,324,0.443314629
251,World,Monthly Atmospheric Carbon Dioxide Concentrations,1969,2,2/1/1969,324.42,0.393006344
253,World,Monthly Atmospheric Carbon Dioxide Concentrations,1969,3,3/1/1969,325.63,0.537219426
255,World,Monthly Atmospheric Carbon Dioxide Concentrations,1969,4,4/1/1969,326.66,0.504584333
257,World,Monthly Atmospheric Carbon Dioxide Concentrations,1969,5,5/1/1969,327.38,0.55594803
259,World,Monthly Atmospheric Carbon Dioxide Concentrations,1969,6,6/1/1969,326.71,0.414925006
261,World,Monthly Atmospheric Carbon Dioxide Concentrations,1969,7,7/1/1969,325.88,0.536805084
263,World,Monthly Atmospheric Carbon Dioxide Concentrations,1969,8,8/1/1969,323.66,0.481202074
265,World,Monthly Atmospheric Carbon Dioxide Concentrations,1969,9,9/1/1969,322.38,0.639965036
267,World,Monthly Atmospheric Carbon Dioxide Concentrations,1969,10,10/1/1969,321.78,0.477751756
269,World,Monthly Atmospheric Carbon Dioxide Concentrations,1969,11,11/1/1969,322.86,0.479272999
271,World,Monthly Atmospheric Carbon Dioxide Concentrations,1969,12,12/1/1969,324.12,0.380934684
273,World,Monthly Atmospheric Carbon Dioxide Concentrations,1970,1,1/1/1970,325.06,0.327160494
275,World,Monthly Atmospheric Carbon Dioxide Concentrations,1970,2,2/1/1970,325.98,0.480858147
277,World,Monthly Atmospheric Carbon Dioxide Concentrations,1970,3,3/1/1970,326.93,0.399226116
279,World,Monthly Atmospheric Carbon Dioxide Concentrations,1970,4,4/1/1970,328.13,0.450009184
281,World,Monthly Atmospheric Carbon Dioxide Concentrations,1970,5,5/1/1970,328.08,0.213818804
283,World,Monthly Atmospheric Carbon Dioxide Concentrations,1970,6,6/1/1970,327.67,0.293838572
285,World,Monthly Atmospheric Carbon Dioxide Concentrations,1970,7,7/1/1970,326.34,0.141156254
287,World,Monthly Atmospheric Carbon Dioxide Concentrations,1970,8,8/1/1970,324.69,0.318235185
289,World,Monthly Atmospheric Carbon Dioxide Concentrations,1970,9,9/1/1970,323.1,0.223338917
291,World,Monthly Atmospheric Carbon Dioxide Concentrations,1970,10,10/1/1970,323.06,0.397787308
293,World,Monthly Atmospheric Carbon Dioxide Concentrations,1970,11,11/1/1970,324.01,0.356191538
295,World,Monthly Atmospheric Carbon Dioxide Concentrations,1970,12,12/1/1970,325.13,0.311612983
297,World,Monthly Atmospheric Carbon Dioxide Concentrations,1971,1,1/1/1971,326.17,0.34147542
299,World,Monthly Atmospheric Carbon Dioxide Concentrations,1971,2,2/1/1971,326.68,0.2147371
301,World,Monthly Atmospheric Carbon Dioxide Concentrations,1971,3,3/1/1971,327.17,0.07341021
303,World,Monthly Atmospheric Carbon Dioxide Concentrations,1971,4,4/1/1971,327.79,-0.103617469
305,World,Monthly Atmospheric Carbon Dioxide Concentrations,1971,5,5/1/1971,328.93,0.25908315
307,World,Monthly Atmospheric Carbon Dioxide Concentrations,1971,6,6/1/1971,328.57,0.274666585
309,World,Monthly Atmospheric Carbon Dioxide Concentrations,1971,7,7/1/1971,327.36,0.312557455
311,World,Monthly Atmospheric Carbon Dioxide Concentrations,1971,8,8/1/1971,325.43,0.227909698
313,World,Monthly Atmospheric Carbon Dioxide Concentrations,1971,9,9/1/1971,323.36,0.080470443
315,World,Monthly Atmospheric Carbon Dioxide Concentrations,1971,10,10/1/1971,323.56,0.154770012
317,World,Monthly Atmospheric Carbon Dioxide Concentrations,1971,11,11/1/1971,324.8,0.243819635
319,World,Monthly Atmospheric Carbon Dioxide Concentrations,1971,12,12/1/1971,326.01,0.270660966
321,World,Monthly Atmospheric Carbon Dioxide Concentrations,1972,1,1/1/1972,326.77,0.183953153
323,World,Monthly Atmospheric Carbon Dioxide Concentrations,1972,2,2/1/1972,327.63,0.290804457
325,World,Monthly Atmospheric Carbon Dioxide Concentrations,1972,3,3/1/1972,327.75,0.177277868
327,World,Monthly Atmospheric Carbon Dioxide Concentrations,1972,4,4/1/1972,329.72,0.588791604
329,World,Monthly Atmospheric Carbon Dioxide Concentrations,1972,5,5/1/1972,330.07,0.346578299
331,World,Monthly Atmospheric Carbon Dioxide Concentrations,1972,6,6/1/1972,329.09,0.158261558
333,World,Monthly Atmospheric Carbon Dioxide Concentrations,1972,7,7/1/1972,328.04,0.207722385
335,World,Monthly Atmospheric Carbon Dioxide Concentrations,1972,8,8/1/1972,326.32,0.273484313
337,World,Monthly Atmospheric Carbon Dioxide Concentrations,1972,9,9/1/1972,324.84,0.457694211
339,World,Monthly Atmospheric Carbon Dioxide Concentrations,1972,10,10/1/1972,325.2,0.506861169
341,World,Monthly Atmospheric Carbon Dioxide Concentrations,1972,11,11/1/1972,326.5,0.523399015
343,World,Monthly Atmospheric Carbon Dioxide Concentrations,1972,12,12/1/1972,327.55,0.472378148
345,World,Monthly Atmospheric Carbon Dioxide Concentrations,1973,1,1/1/1973,328.55,0.544725648
347,World,Monthly Atmospheric Carbon Dioxide Concentrations,1973,2,2/1/1973,329.56,0.589079144
349,World,Monthly Atmospheric Carbon Dioxide Concentrations,1973,3,3/1/1973,330.3,0.778032037
351,World,Monthly Atmospheric Carbon Dioxide Concentrations,1973,4,4/1/1973,331.5,0.539851996
353,World,Monthly Atmospheric Carbon Dioxide Concentrations,1973,5,5/1/1973,332.48,0.73014815
355,World,Monthly Atmospheric Carbon Dioxide Concentrations,1973,6,6/1/1973,332.07,0.905527363
357,World,Monthly Atmospheric Carbon Dioxide Concentrations,1973,7,7/1/1973,330.87,0.862699671
359,World,Monthly Atmospheric Carbon Dioxide Concentrations,1973,8,8/1/1973,329.31,0.9162785
361,World,Monthly Atmospheric Carbon Dioxide Concentrations,1973,9,9/1/1973,327.51,0.82194311
363,World,Monthly Atmospheric Carbon Dioxide Concentrations,1973,10,10/1/1973,327.18,0.608856089
365,World,Monthly Atmospheric Carbon Dioxide Concentrations,1973,11,11/1/1973,328.16,0.508422665
367,World,Monthly Atmospheric Carbon Dioxide Concentrations,1973,12,12/1/1973,328.64,0.332773622
369,World,Monthly Atmospheric Carbon Dioxide Concentrations,1974,1,1/1/1974,329.35,0.243494141
371,World,Monthly Atmospheric Carbon Dioxide Concentrations,1974,2,2/1/1974,330.71,0.348950115
373,World,Monthly Atmospheric Carbon Dioxide Concentrations,1974,3,3/1/1974,331.48,0.357250984
375,World,Monthly Atmospheric Carbon Dioxide Concentrations,1974,4,4/1/1974,332.65,0.346907994
377,World,Monthly Atmospheric Carbon Dioxide Concentrations,1974,5,5/1/1974,333.19,0.213546679
379,World,Monthly Atmospheric Carbon Dioxide Concentrations,1974,6,6/1/1974,332.2,0.039148372
381,World,Monthly Atmospheric Carbon Dioxide Concentrations,1974,7,7/1/1974,331.07,0.060446701
383,World,Monthly Atmospheric Carbon Dioxide Concentrations,1974,8,8/1/1974,329.15,-0.048586438
385,World,Monthly Atmospheric Carbon Dioxide Concentrations,1974,9,9/1/1974,327.33,-0.054960154
387,World,Monthly Atmospheric Carbon Dioxide Concentrations,1974,10,10/1/1974,327.28,0.030564215
389,World,Monthly Atmospheric Carbon Dioxide Concentrations,1974,11,11/1/1974,328.31,0.04570941
391,World,Monthly Atmospheric Carbon Dioxide Concentrations,1974,12,12/1/1974,329.58,0.286027264
393,World,Monthly Atmospheric Carbon Dioxide Concentrations,1975,1,1/1/1975,330.73,0.419007135
395,World,Monthly Atmospheric Carbon Dioxide Concentrations,1975,2,2/1/1975,331.46,0.226784796
397,World,Monthly Atmospheric Carbon Dioxide Concentrations,1975,3,3/1/1975,331.94,0.13877157
399,World,Monthly Atmospheric Carbon Dioxide Concentrations,1975,4,4/1/1975,333.11,0.138283481
401,World,Monthly Atmospheric Carbon Dioxide Concentrations,1975,5,5/1/1975,333.95,0.228098082
403,World,Monthly Atmospheric Carbon Dioxide Concentrations,1975,6,6/1/1975,333.42,0.367248645
405,World,Monthly Atmospheric Carbon Dioxide Concentrations,1975,7,7/1/1975,331.97,0.271845833
407,World,Monthly Atmospheric Carbon Dioxide Concentrations,1975,8,8/1/1975,329.95,0.243050281
409,World,Monthly Atmospheric Carbon Dioxide Concentrations,1975,9,9/1/1975,328.5,0.357437448
411,World,Monthly Atmospheric Carbon Dioxide Concentrations,1975,10,10/1/1975,328.36,0.329992667
413,World,Monthly Atmospheric Carbon Dioxide Concentrations,1975,11,11/1/1975,329.38,0.325911486
415,World,Monthly Atmospheric Carbon Dioxide Concentrations,1975,12,12/1/1975,330.62,0.315553128
417,World,Monthly Atmospheric Carbon Dioxide Concentrations,1976,1,1/1/1976,331.56,0.250959998
419,World,Monthly Atmospheric Carbon Dioxide Concentrations,1976,2,2/1/1976,332.74,0.386170277
421,World,Monthly Atmospheric Carbon Dioxide Concentrations,1976,3,3/1/1976,333.36,0.427788154
423,World,Monthly Atmospheric Carbon Dioxide Concentrations,1976,4,4/1/1976,334.74,0.48932785
425,World,Monthly Atmospheric Carbon Dioxide Concentrations,1976,5,5/1/1976,334.72,0.230573439
427,World,Monthly Atmospheric Carbon Dioxide Concentrations,1976,6,6/1/1976,333.98,0.167956331
429,World,Monthly Atmospheric Carbon Dioxide Concentrations,1976,7,7/1/1976,333.08,0.334367563
431,World,Monthly Atmospheric Carbon Dioxide Concentrations,1976,8,8/1/1976,330.68,0.221245643
433,World,Monthly Atmospheric Carbon Dioxide Concentrations,1976,9,9/1/1976,328.96,0.140030441
435,World,Monthly Atmospheric Carbon Dioxide Concentrations,1976,10,10/1/1976,328.72,0.109635766
437,World,Monthly Atmospheric Carbon Dioxide Concentrations,1976,11,11/1/1976,330.16,0.236808549
439,World,Monthly Atmospheric Carbon Dioxide Concentrations,1976,12,12/1/1976,331.62,0.302462041
441,World,Monthly Atmospheric Carbon Dioxide Concentrations,1977,1,1/1/1977,332.68,0.33779708
443,World,Monthly Atmospheric Carbon Dioxide Concentrations,1977,2,2/1/1977,333.17,0.129230029
445,World,Monthly Atmospheric Carbon Dioxide Concentrations,1977,3,3/1/1977,334.96,0.479961603
447,World,Monthly Atmospheric Carbon Dioxide Concentrations,1977,4,4/1/1977,336.14,0.418235048
449,World,Monthly Atmospheric Carbon Dioxide Concentrations,1977,5,5/1/1977,336.93,0.660253346
451,World,Monthly Atmospheric Carbon Dioxide Concentrations,1977,6,6/1/1977,336.17,0.655727888
453,World,Monthly Atmospheric Carbon Dioxide Concentrations,1977,7,7/1/1977,334.88,0.540410712
455,World,Monthly Atmospheric Carbon Dioxide Concentrations,1977,8,8/1/1977,332.56,0.568525463
457,World,Monthly Atmospheric Carbon Dioxide Concentrations,1977,9,9/1/1977,331.29,0.708292802
459,World,Monthly Atmospheric Carbon Dioxide Concentrations,1977,10,10/1/1977,331.28,0.778778292
461,World,Monthly Atmospheric Carbon Dioxide Concentrations,1977,11,11/1/1977,332.46,0.696631936
463,World,Monthly Atmospheric Carbon Dioxide Concentrations,1977,12,12/1/1977,333.6,0.597068934
465,World,Monthly Atmospheric Carbon Dioxide Concentrations,1978,1,1/1/1978,334.94,0.67933149
467,World,Monthly Atmospheric Carbon Dioxide Concentrations,1978,2,2/1/1978,335.26,0.627307381
469,World,Monthly Atmospheric Carbon Dioxide Concentrations,1978,3,3/1/1978,336.66,0.507523286
471,World,Monthly Atmospheric Carbon Dioxide Concentrations,1978,4,4/1/1978,337.69,0.461117392
473,World,Monthly Atmospheric Carbon Dioxide Concentrations,1978,5,5/1/1978,338.02,0.323509334
475,World,Monthly Atmospheric Carbon Dioxide Concentrations,1978,6,6/1/1978,338.01,0.547342119
477,World,Monthly Atmospheric Carbon Dioxide Concentrations,1978,7,7/1/1978,336.5,0.483755375
479,World,Monthly Atmospheric Carbon Dioxide Concentrations,1978,8,8/1/1978,334.42,0.55929757
481,World,Monthly Atmospheric Carbon Dioxide Concentrations,1978,9,9/1/1978,332.36,0.322979867
483,World,Monthly Atmospheric Carbon Dioxide Concentrations,1978,10,10/1/1978,332.45,0.353175561
485,World,Monthly Atmospheric Carbon Dioxide Concentrations,1978,11,11/1/1978,333.76,0.391024484
487,World,Monthly Atmospheric Carbon Dioxide Concentrations,1978,12,12/1/1978,334.91,0.392685851
489,World,Monthly Atmospheric Carbon Dioxide Concentrations,1979,1,1/1/1979,336.14,0.358273124
491,World,Monthly Atmospheric Carbon Dioxide Concentrations,1979,2,2/1/1979,336.69,0.42653463
493,World,Monthly Atmospheric Carbon Dioxide Concentrations,1979,3,3/1/1979,338.27,0.478227292
495,World,Monthly Atmospheric Carbon Dioxide Concentrations,1979,4,4/1/1979,338.82,0.334626433
497,World,Monthly Atmospheric Carbon Dioxide Concentrations,1979,5,5/1/1979,339.24,0.360925389
499,World,Monthly Atmospheric Carbon Dioxide Concentrations,1979,6,6/1/1979,339.26,0.369811544
501,World,Monthly Atmospheric Carbon Dioxide Concentrations,1979,7,7/1/1979,337.54,0.309063893
503,World,Monthly Atmospheric Carbon Dioxide Concentrations,1979,8,8/1/1979,335.72,0.388732731
505,World,Monthly Atmospheric Carbon Dioxide Concentrations,1979,9,9/1/1979,333.98,0.487423276
507,World,Monthly Atmospheric Carbon Dioxide Concentrations,1979,10,10/1/1979,334.24,0.538426831
509,World,Monthly Atmospheric Carbon Dioxide Concentrations,1979,11,11/1/1979,335.32,0.467401726
511,World,Monthly Atmospheric Carbon Dioxide Concentrations,1979,12,12/1/1979,336.81,0.567316593
513,World,Monthly Atmospheric Carbon Dioxide Concentrations,1980,1,1/1/1980,337.9,0.523591361
515,World,Monthly Atmospheric Carbon Dioxide Concentrations,1980,2,2/1/1980,338.34,0.490065045
517,World,Monthly Atmospheric Carbon Dioxide Concentrations,1980,3,3/1/1980,340.07,0.532119313
519,World,Monthly Atmospheric Carbon Dioxide Concentrations,1980,4,4/1/1980,340.93,0.622749543
521,World,Monthly Atmospheric Carbon Dioxide Concentrations,1980,5,5/1/1980,341.45,0.651456196
523,World,Monthly Atmospheric Carbon Dioxide Concentrations,1980,6,6/1/1980,341.36,0.618994282
525,World,Monthly Atmospheric Carbon Dioxide Concentrations,1980,7,7/1/1980,339.45,0.565858861
527,World,Monthly Atmospheric Carbon Dioxide Concentrations,1980,8,8/1/1980,337.67,0.580841177
529,World,Monthly Atmospheric Carbon Dioxide Concentrations,1980,9,9/1/1980,336.25,0.679681418
531,World,Monthly Atmospheric Carbon Dioxide Concentrations,1980,10,10/1/1980,336.14,0.568453806
533,World,Monthly Atmospheric Carbon Dioxide Concentrations,1980,11,11/1/1980,337.3,0.590480735
535,World,Monthly Atmospheric Carbon Dioxide Concentrations,1980,12,12/1/1980,338.29,0.439416882
537,World,Monthly Atmospheric Carbon Dioxide Concentrations,1981,1,1/1/1981,339.29,0.411364309
539,World,Monthly Atmospheric Carbon Dioxide Concentrations,1981,2,2/1/1981,340.55,0.6531891
541,World,Monthly Atmospheric Carbon Dioxide Concentrations,1981,3,3/1/1981,341.63,0.458729085
543,World,Monthly Atmospheric Carbon Dioxide Concentrations,1981,4,4/1/1981,342.6,0.489836623
545,World,Monthly Atmospheric Carbon Dioxide Concentrations,1981,5,5/1/1981,343.04,0.465661151
547,World,Monthly Atmospheric Carbon Dioxide Concentrations,1981,6,6/1/1981,342.54,0.345676119
549,World,Monthly Atmospheric Carbon Dioxide Concentrations,1981,7,7/1/1981,340.82,0.403594049
551,World,Monthly Atmospheric Carbon Dioxide Concentrations,1981,8,8/1/1981,338.48,0.239879172
553,World,Monthly Atmospheric Carbon Dioxide Concentrations,1981,9,9/1/1981,336.95,0.208178439
555,World,Monthly Atmospheric Carbon Dioxide Concentrations,1981,10,10/1/1981,337.05,0.270720533
557,World,Monthly Atmospheric Carbon Dioxide Concentrations,1981,11,11/1/1981,338.58,0.379484139
559,World,Monthly Atmospheric Carbon Dioxide Concentrations,1981,12,12/1/1981,339.91,0.478879068
561,World,Monthly Atmospheric Carbon Dioxide Concentrations,1982,1,1/1/1982,340.93,0.483362315
563,World,Monthly Atmospheric Carbon Dioxide Concentrations,1982,2,2/1/1982,341.76,0.355307591
565,World,Monthly Atmospheric Carbon Dioxide Concentrations,1982,3,3/1/1982,342.78,0.336621491
567,World,Monthly Atmospheric Carbon Dioxide Concentrations,1982,4,4/1/1982,343.96,0.39696439
569,World,Monthly Atmospheric Carbon Dioxide Concentrations,1982,5,5/1/1982,344.77,0.504314366
571,World,Monthly Atmospheric Carbon Dioxide Concentrations,1982,6,6/1/1982,343.88,0.391195189
573,World,Monthly Atmospheric Carbon Dioxide Concentrations,1982,7,7/1/1982,342.42,0.469456018
575,World,Monthly Atmospheric Carbon Dioxide Concentrations,1982,8,8/1/1982,340.24,0.519971638
577,World,Monthly Atmospheric Carbon Dioxide Concentrations,1982,9,9/1/1982,338.38,0.424395311
579,World,Monthly Atmospheric Carbon Dioxide Concentrations,1982,10,10/1/1982,338.41,0.403500964
581,World,Monthly Atmospheric Carbon Dioxide Concentrations,1982,11,11/1/1982,339.44,0.254002008
583,World,Monthly Atmospheric Carbon Dioxide Concentrations,1982,12,12/1/1982,340.78,0.255950104
585,World,Monthly Atmospheric Carbon Dioxide Concentrations,1983,1,1/1/1983,341.57,0.18772182
587,World,Monthly Atmospheric Carbon Dioxide Concentrations,1983,2,2/1/1983,342.78,0.298455056
589,World,Monthly Atmospheric Carbon Dioxide Concentrations,1983,3,3/1/1983,343.37,0.172122061
591,World,Monthly Atmospheric Carbon Dioxide Concentrations,1983,4,4/1/1983,345.4,0.418653332
593,World,Monthly Atmospheric Carbon Dioxide Concentrations,1983,5,5/1/1983,346.14,0.39736636
595,World,Monthly Atmospheric Carbon Dioxide Concentrations,1983,6,6/1/1983,345.76,0.546702338
597,World,Monthly Atmospheric Carbon Dioxide Concentrations,1983,7,7/1/1983,344.32,0.554874131
599,World,Monthly Atmospheric Carbon Dioxide Concentrations,1983,8,8/1/1983,342.5,0.664237009
601,World,Monthly Atmospheric Carbon Dioxide Concentrations,1983,9,9/1/1983,340.46,0.61469354
603,World,Monthly Atmospheric Carbon Dioxide Concentrations,1983,10,10/1/1983,340.53,0.626459029
605,World,Monthly Atmospheric Carbon Dioxide Concentrations,1983,11,11/1/1983,341.79,0.692316757
607,World,Monthly Atmospheric Carbon Dioxide Concentrations,1983,12,12/1/1983,343.2,0.710135571
609,World,Monthly Atmospheric Carbon Dioxide Concentrations,1984,1,1/1/1984,344.21,0.772901601
611,World,Monthly Atmospheric Carbon Dioxide Concentrations,1984,2,2/1/1984,344.92,0.624307136
613,World,Monthly Atmospheric Carbon Dioxide Concentrations,1984,3,3/1/1984,345.68,0.672743688
615,World,Monthly Atmospheric Carbon Dioxide Concentrations,1984,4,4/1/1984,347.14,0.503763752
617,World,Monthly Atmospheric Carbon Dioxide Concentrations,1984,5,5/1/1984,347.78,0.47379673
619,World,Monthly Atmospheric Carbon Dioxide Concentrations,1984,6,6/1/1984,347.16,0.404905137
621,World,Monthly Atmospheric Carbon Dioxide Concentrations,1984,7,7/1/1984,345.79,0.426928439
623,World,Monthly Atmospheric Carbon Dioxide Concentrations,1984,8,8/1/1984,343.74,0.362043796
625,World,Monthly Atmospheric Carbon Dioxide Concentrations,1984,9,9/1/1984,341.59,0.331903895
627,World,Monthly Atmospheric Carbon Dioxide Concentrations,1984,10,10/1/1984,341.86,0.390567645
629,World,Monthly Atmospheric Carbon Dioxide Concentrations,1984,11,11/1/1984,343.31,0.444717517
631,World,Monthly Atmospheric Carbon Dioxide Concentrations,1984,12,12/1/1984,345,0.524475524
633,World,Monthly Atmospheric Carbon Dioxide Concentrations,1985,1,1/1/1985,345.48,0.368960809
635,World,Monthly Atmospheric Carbon Dioxide Concentrations,1985,2,2/1/1985,346.41,0.431984228
637,World,Monthly Atmospheric Carbon Dioxide Concentrations,1985,3,3/1/1985,347.91,0.6451053
639,World,Monthly Atmospheric Carbon Dioxide Concentrations,1985,4,4/1/1985,348.66,0.437863686
641,World,Monthly Atmospheric Carbon Dioxide Concentrations,1985,5,5/1/1985,349.28,0.431307148
643,World,Monthly Atmospheric Carbon Dioxide Concentrations,1985,6,6/1/1985,348.65,0.429196912
645,World,Monthly Atmospheric Carbon Dioxide Concentrations,1985,7,7/1/1985,346.9,0.321004078
647,World,Monthly Atmospheric Carbon Dioxide Concentrations,1985,8,8/1/1985,345.26,0.442194682
649,World,Monthly Atmospheric Carbon Dioxide Concentrations,1985,9,9/1/1985,343.47,0.5503674
651,World,Monthly Atmospheric Carbon Dioxide Concentrations,1985,10,10/1/1985,343.35,0.435850933
653,World,Monthly Atmospheric Carbon Dioxide Concentrations,1985,11,11/1/1985,344.73,0.413620343
655,World,Monthly Atmospheric Carbon Dioxide Concentrations,1985,12,12/1/1985,346.12,0.324637681
657,World,Monthly Atmospheric Carbon Dioxide Concentrations,1986,1,1/1/1986,346.78,0.376288063
659,World,Monthly Atmospheric Carbon Dioxide Concentrations,1986,2,2/1/1986,347.48,0.308882538
661,World,Monthly Atmospheric Carbon Dioxide Concentrations,1986,3,3/1/1986,348.25,0.097726424
663,World,Monthly Atmospheric Carbon Dioxide Concentrations,1986,4,4/1/1986,349.86,0.344174841
665,World,Monthly Atmospheric Carbon Dioxide Concentrations,1986,5,5/1/1986,350.52,0.355016033
667,World,Monthly Atmospheric Carbon Dioxide Concentrations,1986,6,6/1/1986,349.98,0.38147139
669,World,Monthly Atmospheric Carbon Dioxide Concentrations,1986,7,7/1/1986,348.25,0.389161142
671,World,Monthly Atmospheric Carbon Dioxide Concentrations,1986,8,8/1/1986,346.17,0.263569484
673,World,Monthly Atmospheric Carbon Dioxide Concentrations,1986,9,9/1/1986,345.48,0.585203948
675,World,Monthly Atmospheric Carbon Dioxide Concentrations,1986,10,10/1/1986,344.82,0.428134557
677,World,Monthly Atmospheric Carbon Dioxide Concentrations,1986,11,11/1/1986,346.22,0.432222319
679,World,Monthly Atmospheric Carbon Dioxide Concentrations,1986,12,12/1/1986,347.48,0.392927308
681,World,Monthly Atmospheric Carbon Dioxide Concentrations,1987,1,1/1/1987,348.73,0.562316166
683,World,Monthly Atmospheric Carbon Dioxide Concentrations,1987,2,2/1/1987,348.92,0.41441234
685,World,Monthly Atmospheric Carbon Dioxide Concentrations,1987,3,3/1/1987,349.81,0.447954056
687,World,Monthly Atmospheric Carbon Dioxide Concentrations,1987,4,4/1/1987,351.4,0.44017607
689,World,Monthly Atmospheric Carbon Dioxide Concentrations,1987,5,5/1/1987,352.15,0.465023394
691,World,Monthly Atmospheric Carbon Dioxide Concentrations,1987,6,6/1/1987,351.59,0.460026287
693,World,Monthly Atmospheric Carbon Dioxide Concentrations,1987,7,7/1/1987,350.21,0.56281407
695,World,Monthly Atmospheric Carbon Dioxide Concentrations,1987,8,8/1/1987,348.2,0.586417078
697,World,Monthly Atmospheric Carbon Dioxide Concentrations,1987,9,9/1/1987,346.66,0.34155378
699,World,Monthly Atmospheric Carbon Dioxide Concentrations,1987,10,10/1/1987,346.72,0.551012122
701,World,Monthly Atmospheric Carbon Dioxide Concentrations,1987,11,11/1/1987,348.08,0.537230663
703,World,Monthly Atmospheric Carbon Dioxide Concentrations,1987,12,12/1/1987,349.28,0.518015425
705,World,Monthly Atmospheric Carbon Dioxide Concentrations,1988,1,1/1/1988,350.51,0.510423537
707,World,Monthly Atmospheric Carbon Dioxide Concentrations,1988,2,2/1/1988,351.7,0.796744239
709,World,Monthly Atmospheric Carbon Dioxide Concentrations,1988,3,3/1/1988,352.5,0.76898888
711,World,Monthly Atmospheric Carbon Dioxide Concentrations,1988,4,4/1/1988,353.67,0.645987479
713,World,Monthly Atmospheric Carbon Dioxide Concentrations,1988,5,5/1/1988,354.35,0.624733778
715,World,Monthly Atmospheric Carbon Dioxide Concentrations,1988,6,6/1/1988,353.88,0.65132683
717,World,Monthly Atmospheric Carbon Dioxide Concentrations,1988,7,7/1/1988,352.8,0.739556266
719,World,Monthly Atmospheric Carbon Dioxide Concentrations,1988,8,8/1/1988,350.49,0.657668007
721,World,Monthly Atmospheric Carbon Dioxide Concentrations,1988,9,9/1/1988,348.97,0.666358968
723,World,Monthly Atmospheric Carbon Dioxide Concentrations,1988,10,10/1/1988,349.37,0.764305491
725,World,Monthly Atmospheric Carbon Dioxide Concentrations,1988,11,11/1/1988,350.42,0.672259251
727,World,Monthly Atmospheric Carbon Dioxide Concentrations,1988,12,12/1/1988,351.62,0.669949611
729,World,Monthly Atmospheric Carbon Dioxide Concentrations,1989,1,1/1/1989,353.07,0.730364326
731,World,Monthly Atmospheric Carbon Dioxide Concentrations,1989,2,2/1/1989,353.43,0.491896503
733,World,Monthly Atmospheric Carbon Dioxide Concentrations,1989,3,3/1/1989,354.08,0.44822695
735,World,Monthly Atmospheric Carbon Dioxide Concentrations,1989,4,4/1/1989,355.72,0.579636384
737,World,Monthly Atmospheric Carbon Dioxide Concentrations,1989,5,5/1/1989,355.95,0.451530972
739,World,Monthly Atmospheric Carbon Dioxide Concentrations,1989,6,6/1/1989,355.44,0.440827399
741,World,Monthly Atmospheric Carbon Dioxide Concentrations,1989,7,7/1/1989,354.05,0.35430839
743,World,Monthly Atmospheric Carbon Dioxide Concentrations,1989,8,8/1/1989,351.84,0.385175041
745,World,Monthly Atmospheric Carbon Dioxide Concentrations,1989,9,9/1/1989,350.09,0.320944494
747,World,Monthly Atmospheric Carbon Dioxide Concentrations,1989,10,10/1/1989,350.33,0.274780319
749,World,Monthly Atmospheric Carbon Dioxide Concentrations,1989,11,11/1/1989,351.55,0.322470179
751,World,Monthly Atmospheric Carbon Dioxide Concentrations,1989,12,12/1/1989,352.91,0.366873329
753,World,Monthly Atmospheric Carbon Dioxide Concentrations,1990,1,1/1/1990,353.86,0.223751664
755,World,Monthly Atmospheric Carbon Dioxide Concentrations,1990,2,2/1/1990,355.1,0.472512237
757,World,Monthly Atmospheric Carbon Dioxide Concentrations,1990,3,3/1/1990,355.75,0.471644826
759,World,Monthly Atmospheric Carbon Dioxide Concentrations,1990,4,4/1/1990,356.38,0.185539188
761,World,Monthly Atmospheric Carbon Dioxide Concentrations,1990,5,5/1/1990,357.38,0.401741818
763,World,Monthly Atmospheric Carbon Dioxide Concentrations,1990,6,6/1/1990,356.39,0.267274364
765,World,Monthly Atmospheric Carbon Dioxide Concentrations,1990,7,7/1/1990,354.89,0.237254625
767,World,Monthly Atmospheric Carbon Dioxide Concentrations,1990,8,8/1/1990,353.07,0.349590723
769,World,Monthly Atmospheric Carbon Dioxide Concentrations,1990,9,9/1/1990,351.38,0.368476677
771,World,Monthly Atmospheric Carbon Dioxide Concentrations,1990,10,10/1/1990,351.69,0.388205406
773,World,Monthly Atmospheric Carbon Dioxide Concentrations,1990,11,11/1/1990,353.14,0.452282748
775,World,Monthly Atmospheric Carbon Dioxide Concentrations,1990,12,12/1/1990,354.41,0.425037545
777,World,Monthly Atmospheric Carbon Dioxide Concentrations,1991,1,1/1/1991,354.93,0.302379472
779,World,Monthly Atmospheric Carbon Dioxide Concentrations,1991,2,2/1/1991,355.82,0.202759786
781,World,Monthly Atmospheric Carbon Dioxide Concentrations,1991,3,3/1/1991,357.33,0.444132115
783,World,Monthly Atmospheric Carbon Dioxide Concentrations,1991,4,4/1/1991,358.77,0.670632471
785,World,Monthly Atmospheric Carbon Dioxide Concentrations,1991,5,5/1/1991,359.23,0.517656276
787,World,Monthly Atmospheric Carbon Dioxide Concentrations,1991,6,6/1/1991,358.23,0.516288336
789,World,Monthly Atmospheric Carbon Dioxide Concentrations,1991,7,7/1/1991,356.3,0.397306208
791,World,Monthly Atmospheric Carbon Dioxide Concentrations,1991,8,8/1/1991,353.97,0.254906959
793,World,Monthly Atmospheric Carbon Dioxide Concentrations,1991,9,9/1/1991,352.34,0.273208492
795,World,Monthly Atmospheric Carbon Dioxide Concentrations,1991,10,10/1/1991,352.43,0.210412579
797,World,Monthly Atmospheric Carbon Dioxide Concentrations,1991,11,11/1/1991,353.89,0.212380359
799,World,Monthly Atmospheric Carbon Dioxide Concentrations,1991,12,12/1/1991,355.21,0.225727265
801,World,Monthly Atmospheric Carbon Dioxide Concentrations,1992,1,1/1/1992,356.34,0.397261432
803,World,Monthly Atmospheric Carbon Dioxide Concentrations,1992,2,2/1/1992,357.21,0.390646956
805,World,Monthly Atmospheric Carbon Dioxide Concentrations,1992,3,3/1/1992,357.97,0.179106148
807,World,Monthly Atmospheric Carbon Dioxide Concentrations,1992,4,4/1/1992,359.22,0.125428548
809,World,Monthly Atmospheric Carbon Dioxide Concentrations,1992,5,5/1/1992,359.71,0.13361913
811,World,Monthly Atmospheric Carbon Dioxide Concentrations,1992,6,6/1/1992,359.43,0.33498032
813,World,Monthly Atmospheric Carbon Dioxide Concentrations,1992,7,7/1/1992,357.15,0.238563009
815,World,Monthly Atmospheric Carbon Dioxide Concentrations,1992,8,8/1/1992,354.98,0.285334915
817,World,Monthly Atmospheric Carbon Dioxide Concentrations,1992,9,9/1/1992,353.01,0.190157234
819,World,Monthly Atmospheric Carbon Dioxide Concentrations,1992,10,10/1/1992,353.41,0.278069404
821,World,Monthly Atmospheric Carbon Dioxide Concentrations,1992,11,11/1/1992,354.42,0.149764051
823,World,Monthly Atmospheric Carbon Dioxide Concentrations,1992,12,12/1/1992,355.68,0.132316095
825,World,Monthly Atmospheric Carbon Dioxide Concentrations,1993,1,1/1/1993,357.1,0.213279452
827,World,Monthly Atmospheric Carbon Dioxide Concentrations,1993,2,2/1/1993,357.42,0.058788948
829,World,Monthly Atmospheric Carbon Dioxide Concentrations,1993,3,3/1/1993,358.59,0.173198871
831,World,Monthly Atmospheric Carbon Dioxide Concentrations,1993,4,4/1/1993,359.39,0.047324759
833,World,Monthly Atmospheric Carbon Dioxide Concentrations,1993,5,5/1/1993,360.3,0.164021017
835,World,Monthly Atmospheric Carbon Dioxide Concentrations,1993,6,6/1/1993,359.64,0.058425841
837,World,Monthly Atmospheric Carbon Dioxide Concentrations,1993,7,7/1/1993,357.46,0.086798264
839,World,Monthly Atmospheric Carbon Dioxide Concentrations,1993,8,8/1/1993,355.76,0.219730689
841,World,Monthly Atmospheric Carbon Dioxide Concentrations,1993,9,9/1/1993,354.14,0.320104246
843,World,Monthly Atmospheric Carbon Dioxide Concentrations,1993,10,10/1/1993,354.23,0.232025127
845,World,Monthly Atmospheric Carbon Dioxide Concentrations,1993,11,11/1/1993,355.53,0.313187743
847,World,Monthly Atmospheric Carbon Dioxide Concentrations,1993,12,12/1/1993,357.03,0.379554656
849,World,Monthly Atmospheric Carbon Dioxide Concentrations,1994,1,1/1/1994,358.36,0.352842341
851,World,Monthly Atmospheric Carbon Dioxide Concentrations,1994,2,2/1/1994,359.04,0.453248279
853,World,Monthly Atmospheric Carbon Dioxide Concentrations,1994,3,3/1/1994,360.11,0.423882428
855,World,Monthly Atmospheric Carbon Dioxide Concentrations,1994,4,4/1/1994,361.36,0.548151034
857,World,Monthly Atmospheric Carbon Dioxide Concentrations,1994,5,5/1/1994,361.78,0.410768804
859,World,Monthly Atmospheric Carbon Dioxide Concentrations,1994,6,6/1/1994,360.94,0.361472584
861,World,Monthly Atmospheric Carbon Dioxide Concentrations,1994,7,7/1/1994,359.51,0.57349074
863,World,Monthly Atmospheric Carbon Dioxide Concentrations,1994,8,8/1/1994,357.59,0.514391725
865,World,Monthly Atmospheric Carbon Dioxide Concentrations,1994,9,9/1/1994,355.86,0.485683628
867,World,Monthly Atmospheric Carbon Dioxide Concentrations,1994,10,10/1/1994,356.21,0.558958869
869,World,Monthly Atmospheric Carbon Dioxide Concentrations,1994,11,11/1/1994,357.65,0.596292859
871,World,Monthly Atmospheric Carbon Dioxide Concentrations,1994,12,12/1/1994,359.1,0.579783211
873,World,Monthly Atmospheric Carbon Dioxide Concentrations,1995,1,1/1/1995,360.04,0.468802322
875,World,Monthly Atmospheric Carbon Dioxide Concentrations,1995,2,2/1/1995,361,0.545900178
877,World,Monthly Atmospheric Carbon Dioxide Concentrations,1995,3,3/1/1995,361.98,0.519285774
879,World,Monthly Atmospheric Carbon Dioxide Concentrations,1995,4,4/1/1995,363.44,0.575603277
881,World,Monthly Atmospheric Carbon Dioxide Concentrations,1995,5,5/1/1995,363.83,0.566642711
883,World,Monthly Atmospheric Carbon Dioxide Concentrations,1995,6,6/1/1995,363.33,0.662159916
885,World,Monthly Atmospheric Carbon Dioxide Concentrations,1995,7,7/1/1995,361.78,0.631414982
887,World,Monthly Atmospheric Carbon Dioxide Concentrations,1995,8,8/1/1995,359.33,0.486590788
889,World,Monthly Atmospheric Carbon Dioxide Concentrations,1995,9,9/1/1995,358.32,0.691283089
891,World,Monthly Atmospheric Carbon Dioxide Concentrations,1995,10,10/1/1995,358.14,0.541815221
893,World,Monthly Atmospheric Carbon Dioxide Concentrations,1995,11,11/1/1995,359.61,0.548021809
895,World,Monthly Atmospheric Carbon Dioxide Concentrations,1995,12,12/1/1995,360.82,0.478975216
897,World,Monthly Atmospheric Carbon Dioxide Concentrations,1996,1,1/1/1996,362.2,0.599933341
899,World,Monthly Atmospheric Carbon Dioxide Concentrations,1996,2,2/1/1996,363.36,0.653739612
901,World,Monthly Atmospheric Carbon Dioxide Concentrations,1996,3,3/1/1996,364.28,0.635394221
903,World,Monthly Atmospheric Carbon Dioxide Concentrations,1996,4,4/1/1996,364.69,0.343935725
905,World,Monthly Atmospheric Carbon Dioxide Concentrations,1996,5,5/1/1996,365.25,0.390292169
907,World,Monthly Atmospheric Carbon Dioxide Concentrations,1996,6,6/1/1996,365.06,0.476151157
909,World,Monthly Atmospheric Carbon Dioxide Concentrations,1996,7,7/1/1996,363.69,0.52794516
911,World,Monthly Atmospheric Carbon Dioxide Concentrations,1996,8,8/1/1996,361.55,0.617816492
913,World,Monthly Atmospheric Carbon Dioxide Concentrations,1996,9,9/1/1996,359.69,0.382339808
915,World,Monthly Atmospheric Carbon Dioxide Concentrations,1996,10,10/1/1996,359.72,0.441168258
917,World,Monthly Atmospheric Carbon Dioxide Concentrations,1996,11,11/1/1996,361.04,0.397653013
919,World,Monthly Atmospheric Carbon Dioxide Concentrations,1996,12,12/1/1996,362.39,0.435120004
921,World,Monthly Atmospheric Carbon Dioxide Concentrations,1997,1,1/1/1997,363.24,0.28713418
923,World,Monthly Atmospheric Carbon Dioxide Concentrations,1997,2,2/1/1997,364.21,0.233927785
925,World,Monthly Atmospheric Carbon Dioxide Concentrations,1997,3,3/1/1997,364.65,0.101570221
927,World,Monthly Atmospheric Carbon Dioxide Concentrations,1997,4,4/1/1997,366.49,0.493569881
929,World,Monthly Atmospheric Carbon Dioxide Concentrations,1997,5,5/1/1997,366.77,0.41615332
931,World,Monthly Atmospheric Carbon Dioxide Concentrations,1997,6,6/1/1997,365.73,0.183531474
933,World,Monthly Atmospheric Carbon Dioxide Concentrations,1997,7,7/1/1997,364.46,0.211718771
935,World,Monthly Atmospheric Carbon Dioxide Concentrations,1997,8,8/1/1997,362.4,0.23509888
937,World,Monthly Atmospheric Carbon Dioxide Concentrations,1997,9,9/1/1997,360.44,0.208512886
939,World,Monthly Atmospheric Carbon Dioxide Concentrations,1997,10,10/1/1997,360.98,0.350272434
941,World,Monthly Atmospheric Carbon Dioxide Concentrations,1997,11,11/1/1997,362.65,0.445933969
943,World,Monthly Atmospheric Carbon Dioxide Concentrations,1997,12,12/1/1997,364.51,0.585005105
945,World,Monthly Atmospheric Carbon Dioxide Concentrations,1998,1,1/1/1998,365.39,0.591895166
947,World,Monthly Atmospheric Carbon Dioxide Concentrations,1998,2,2/1/1998,366.1,0.518931386
949,World,Monthly Atmospheric Carbon Dioxide Concentrations,1998,3,3/1/1998,367.36,0.74317839
951,World,Monthly Atmospheric Carbon Dioxide Concentrations,1998,4,4/1/1998,368.79,0.627575104
953,World,Monthly Atmospheric Carbon Dioxide Concentrations,1998,5,5/1/1998,369.56,0.760694713
955,World,Monthly Atmospheric Carbon Dioxide Concentrations,1998,6,6/1/1998,369.13,0.929647554
957,World,Monthly Atmospheric Carbon Dioxide Concentrations,1998,7,7/1/1998,367.98,0.965812435
959,World,Monthly Atmospheric Carbon Dioxide Concentrations,1998,8,8/1/1998,366.1,1.020971302
961,World,Monthly Atmospheric Carbon Dioxide Concentrations,1998,9,9/1/1998,364.16,1.032071912
963,World,Monthly Atmospheric Carbon Dioxide Concentrations,1998,10,10/1/1998,364.54,0.986204222
965,World,Monthly Atmospheric Carbon Dioxide Concentrations,1998,11,11/1/1998,365.67,0.832758858
967,World,Monthly Atmospheric Carbon Dioxide Concentrations,1998,12,12/1/1998,367.3,0.7654111
969,World,Monthly Atmospheric Carbon Dioxide Concentrations,1999,1,1/1/1999,368.35,0.810093325
971,World,Monthly Atmospheric Carbon Dioxide Concentrations,1999,2,2/1/1999,369.28,0.868615132
973,World,Monthly Atmospheric Carbon Dioxide Concentrations,1999,3,3/1/1999,369.84,0.675087108
975,World,Monthly Atmospheric Carbon Dioxide Concentrations,1999,4,4/1/1999,371.15,0.639930584
977,World,Monthly Atmospheric Carbon Dioxide Concentrations,1999,5,5/1/1999,371.12,0.422123606
979,World,Monthly Atmospheric Carbon Dioxide Concentrations,1999,6,6/1/1999,370.46,0.360306667
981,World,Monthly Atmospheric Carbon Dioxide Concentrations,1999,7,7/1/1999,369.61,0.442958856
983,World,Monthly Atmospheric Carbon Dioxide Concentrations,1999,8,8/1/1999,367.06,0.262223436
985,World,Monthly Atmospheric Carbon Dioxide Concentrations,1999,9,9/1/1999,364.95,0.21693761
987,World,Monthly Atmospheric Carbon Dioxide Concentrations,1999,10,10/1/1999,365.52,0.268831953
989,World,Monthly Atmospheric Carbon Dioxide Concentrations,1999,11,11/1/1999,366.88,0.330899445
991,World,Monthly Atmospheric Carbon Dioxide Concentrations,1999,12,12/1/1999,368.26,0.26136673
993,World,Monthly Atmospheric Carbon Dioxide Concentrations,2000,1,1/1/2000,369.45,0.298629021
995,World,Monthly Atmospheric Carbon Dioxide Concentrations,2000,2,2/1/2000,369.71,0.116442808
997,World,Monthly Atmospheric Carbon Dioxide Concentrations,2000,3,3/1/2000,370.75,0.246052347
999,World,Monthly Atmospheric Carbon Dioxide Concentrations,2000,4,4/1/2000,371.98,0.22362926
1001,World,Monthly Atmospheric Carbon Dioxide Concentrations,2000,5,5/1/2000,371.75,0.169756413
1003,World,Monthly Atmospheric Carbon Dioxide Concentrations,2000,6,6/1/2000,371.87,0.380607893
1005,World,Monthly Atmospheric Carbon Dioxide Concentrations,2000,7,7/1/2000,370.02,0.110927735
1007,World,Monthly Atmospheric Carbon Dioxide Concentrations,2000,8,8/1/2000,368.27,0.329646379
1009,World,Monthly Atmospheric Carbon Dioxide Concentrations,2000,9,9/1/2000,367.15,0.602822304
1011,World,Monthly Atmospheric Carbon Dioxide Concentrations,2000,10,10/1/2000,367.18,0.454147516
1013,World,Monthly Atmospheric Carbon Dioxide Concentrations,2000,11,11/1/2000,368.53,0.449738334
1015,World,Monthly Atmospheric Carbon Dioxide Concentrations,2000,12,12/1/2000,369.83,0.426329224
1017,World,Monthly Atmospheric Carbon Dioxide Concentrations,2001,1,1/1/2001,370.76,0.354581134
1019,World,Monthly Atmospheric Carbon Dioxide Concentrations,2001,2,2/1/2001,371.69,0.535554894
1021,World,Monthly Atmospheric Carbon Dioxide Concentrations,2001,3,3/1/2001,372.63,0.507080243
1023,World,Monthly Atmospheric Carbon Dioxide Concentrations,2001,4,4/1/2001,373.55,0.422065702
1025,World,Monthly Atmospheric Carbon Dioxide Concentrations,2001,5,5/1/2001,374.03,0.6133154
1027,World,Monthly Atmospheric Carbon Dioxide Concentrations,2001,6,6/1/2001,373.4,0.411434103
1029,World,Monthly Atmospheric Carbon Dioxide Concentrations,2001,7,7/1/2001,371.68,0.448624399
1031,World,Monthly Atmospheric Carbon Dioxide Concentrations,2001,8,8/1/2001,369.78,0.410025253
1033,World,Monthly Atmospheric Carbon Dioxide Concentrations,2001,9,9/1/2001,368.34,0.324118208
1035,World,Monthly Atmospheric Carbon Dioxide Concentrations,2001,10,10/1/2001,368.61,0.389454763
1037,World,Monthly Atmospheric Carbon Dioxide Concentrations,2001,11,11/1/2001,369.94,0.382601145
1039,World,Monthly Atmospheric Carbon Dioxide Concentrations,2001,12,12/1/2001,371.42,0.429927264
1041,World,Monthly Atmospheric Carbon Dioxide Concentrations,2002,1,1/1/2002,372.7,0.523249541
1043,World,Monthly Atmospheric Carbon Dioxide Concentrations,2002,2,2/1/2002,373.37,0.451989561
1045,World,Monthly Atmospheric Carbon Dioxide Concentrations,2002,3,3/1/2002,374.3,0.448165741
1047,World,Monthly Atmospheric Carbon Dioxide Concentrations,2002,4,4/1/2002,375.19,0.43903092
1049,World,Monthly Atmospheric Carbon Dioxide Concentrations,2002,5,5/1/2002,375.93,0.507980643
1051,World,Monthly Atmospheric Carbon Dioxide Concentrations,2002,6,6/1/2002,375.69,0.613283342
1053,World,Monthly Atmospheric Carbon Dioxide Concentrations,2002,7,7/1/2002,374.16,0.667240637
1055,World,Monthly Atmospheric Carbon Dioxide Concentrations,2002,8,8/1/2002,372.03,0.608469901
1057,World,Monthly Atmospheric Carbon Dioxide Concentrations,2002,9,9/1/2002,370.93,0.703154694
1059,World,Monthly Atmospheric Carbon Dioxide Concentrations,2002,10,10/1/2002,370.73,0.57513361
1061,World,Monthly Atmospheric Carbon Dioxide Concentrations,2002,11,11/1/2002,372.43,0.673082121
1063,World,Monthly Atmospheric Carbon Dioxide Concentrations,2002,12,12/1/2002,373.98,0.689246675
1065,World,Monthly Atmospheric Carbon Dioxide Concentrations,2003,1,1/1/2003,375.07,0.635900188
1067,World,Monthly Atmospheric Carbon Dioxide Concentrations,2003,2,2/1/2003,375.82,0.656185553
1069,World,Monthly Atmospheric Carbon Dioxide Concentrations,2003,3,3/1/2003,376.64,0.625166978
1071,World,Monthly Atmospheric Carbon Dioxide Concentrations,2003,4,4/1/2003,377.92,0.727631333
1073,World,Monthly Atmospheric Carbon Dioxide Concentrations,2003,5,5/1/2003,378.78,0.758119863
1075,World,Monthly Atmospheric Carbon Dioxide Concentrations,2003,6,6/1/2003,378.46,0.737310016
1077,World,Monthly Atmospheric Carbon Dioxide Concentrations,2003,7,7/1/2003,376.88,0.726961728
1079,World,Monthly Atmospheric Carbon Dioxide Concentrations,2003,8,8/1/2003,374.57,0.682740639
1081,World,Monthly Atmospheric Carbon Dioxide Concentrations,2003,9,9/1/2003,373.34,0.649718276
1083,World,Monthly Atmospheric Carbon Dioxide Concentrations,2003,10,10/1/2003,373.31,0.695924258
1085,World,Monthly Atmospheric Carbon Dioxide Concentrations,2003,11,11/1/2003,374.84,0.647101469
1087,World,Monthly Atmospheric Carbon Dioxide Concentrations,2003,12,12/1/2003,376.17,0.585592812
1089,World,Monthly Atmospheric Carbon Dioxide Concentrations,2004,1,1/1/2004,377.17,0.559895486
1091,World,Monthly Atmospheric Carbon Dioxide Concentrations,2004,2,2/1/2004,378.05,0.593369166
1093,World,Monthly Atmospheric Carbon Dioxide Concentrations,2004,3,3/1/2004,379.06,0.642523364
1095,World,Monthly Atmospheric Carbon Dioxide Concentrations,2004,4,4/1/2004,380.54,0.693268417
1097,World,Monthly Atmospheric Carbon Dioxide Concentrations,2004,5,5/1/2004,380.8,0.533291092
1099,World,Monthly Atmospheric Carbon Dioxide Concentrations,2004,6,6/1/2004,379.87,0.37256249
1101,World,Monthly Atmospheric Carbon Dioxide Concentrations,2004,7,7/1/2004,377.65,0.204309064
1103,World,Monthly Atmospheric Carbon Dioxide Concentrations,2004,8,8/1/2004,376.17,0.427156473
1105,World,Monthly Atmospheric Carbon Dioxide Concentrations,2004,9,9/1/2004,374.43,0.291959072
1107,World,Monthly Atmospheric Carbon Dioxide Concentrations,2004,10,10/1/2004,374.63,0.353593528
1109,World,Monthly Atmospheric Carbon Dioxide Concentrations,2004,11,11/1/2004,376.33,0.397502935
1111,World,Monthly Atmospheric Carbon Dioxide Concentrations,2004,12,12/1/2004,377.68,0.401414254
1113,World,Monthly Atmospheric Carbon Dioxide Concentrations,2005,1,1/1/2005,378.63,0.387093353
1115,World,Monthly Atmospheric Carbon Dioxide Concentrations,2005,2,2/1/2005,379.91,0.491998413
1117,World,Monthly Atmospheric Carbon Dioxide Concentrations,2005,3,3/1/2005,380.95,0.498601804
1119,World,Monthly Atmospheric Carbon Dioxide Concentrations,2005,4,4/1/2005,382.48,0.509801861
1121,World,Monthly Atmospheric Carbon Dioxide Concentrations,2005,5,5/1/2005,382.64,0.483193277
1123,World,Monthly Atmospheric Carbon Dioxide Concentrations,2005,6,6/1/2005,382.4,0.666017322
1125,World,Monthly Atmospheric Carbon Dioxide Concentrations,2005,7,7/1/2005,380.93,0.868529061
1127,World,Monthly Atmospheric Carbon Dioxide Concentrations,2005,8,8/1/2005,378.93,0.733710822
1129,World,Monthly Atmospheric Carbon Dioxide Concentrations,2005,9,9/1/2005,376.89,0.656998638
1131,World,Monthly Atmospheric Carbon Dioxide Concentrations,2005,10,10/1/2005,377.19,0.683340896
1133,World,Monthly Atmospheric Carbon Dioxide Concentrations,2005,11,11/1/2005,378.54,0.587250551
1135,World,Monthly Atmospheric Carbon Dioxide Concentrations,2005,12,12/1/2005,380.31,0.696356704
1137,World,Monthly Atmospheric Carbon Dioxide Concentrations,2006,1,1/1/2006,381.58,0.779124739
1139,World,Monthly Atmospheric Carbon Dioxide Concentrations,2006,2,2/1/2006,382.4,0.655418389
1141,World,Monthly Atmospheric Carbon Dioxide Concentrations,2006,3,3/1/2006,382.86,0.501378134
1143,World,Monthly Atmospheric Carbon Dioxide Concentrations,2006,4,4/1/2006,384.8,0.606567664
1145,World,Monthly Atmospheric Carbon Dioxide Concentrations,2006,5,5/1/2006,385.22,0.674263015
1147,World,Monthly Atmospheric Carbon Dioxide Concentrations,2006,6,6/1/2006,384.24,0.481171548
1149,World,Monthly Atmospheric Carbon Dioxide Concentrations,2006,7,7/1/2006,382.65,0.451526527
1151,World,Monthly Atmospheric Carbon Dioxide Concentrations,2006,8,8/1/2006,380.6,0.440714644
1153,World,Monthly Atmospheric Carbon Dioxide Concentrations,2006,9,9/1/2006,379.04,0.570458224
1155,World,Monthly Atmospheric Carbon Dioxide Concentrations,2006,10,10/1/2006,379.33,0.567353323
1157,World,Monthly Atmospheric Carbon Dioxide Concentrations,2006,11,11/1/2006,380.35,0.478152903
1159,World,Monthly Atmospheric Carbon Dioxide Concentrations,2006,12,12/1/2006,382.02,0.449633194
1161,World,Monthly Atmospheric Carbon Dioxide Concentrations,2007,1,1/1/2007,383.1,0.398343729
1163,World,Monthly Atmospheric Carbon Dioxide Concentrations,2007,2,2/1/2007,384.12,0.449790795
1165,World,Monthly Atmospheric Carbon Dioxide Concentrations,2007,3,3/1/2007,384.81,0.509324557
1167,World,Monthly Atmospheric Carbon Dioxide Concentrations,2007,4,4/1/2007,386.73,0.501559252
1169,World,Monthly Atmospheric Carbon Dioxide Concentrations,2007,5,5/1/2007,386.78,0.404963398
1171,World,Monthly Atmospheric Carbon Dioxide Concentrations,2007,6,6/1/2007,386.33,0.543930877
1173,World,Monthly Atmospheric Carbon Dioxide Concentrations,2007,7,7/1/2007,384.73,0.543577682
1175,World,Monthly Atmospheric Carbon Dioxide Concentrations,2007,8,8/1/2007,382.24,0.430898581
1177,World,Monthly Atmospheric Carbon Dioxide Concentrations,2007,9,9/1/2007,381.2,0.569860701
1179,World,Monthly Atmospheric Carbon Dioxide Concentrations,2007,10,10/1/2007,381.37,0.537790315
1181,World,Monthly Atmospheric Carbon Dioxide Concentrations,2007,11,11/1/2007,382.7,0.617851978
1183,World,Monthly Atmospheric Carbon Dioxide Concentrations,2007,12,12/1/2007,384.19,0.568033087
1185,World,Monthly Atmospheric Carbon Dioxide Concentrations,2008,1,1/1/2008,385.78,0.699556252
1187,World,Monthly Atmospheric Carbon Dioxide Concentrations,2008,2,2/1/2008,386.06,0.505050505
1189,World,Monthly Atmospheric Carbon Dioxide Concentrations,2008,3,3/1/2008,386.28,0.382006705
1191,World,Monthly Atmospheric Carbon Dioxide Concentrations,2008,4,4/1/2008,387.33,0.155147002
1193,World,Monthly Atmospheric Carbon Dioxide Concentrations,2008,5,5/1/2008,388.78,0.517089819
1195,World,Monthly Atmospheric Carbon Dioxide Concentrations,2008,6,6/1/2008,387.99,0.429684467
1197,World,Monthly Atmospheric Carbon Dioxide Concentrations,2008,7,7/1/2008,386.61,0.488654381
1199,World,Monthly Atmospheric Carbon Dioxide Concentrations,2008,8,8/1/2008,384.32,0.544160737
1201,World,Monthly Atmospheric Carbon Dioxide Concentrations,2008,9,9/1/2008,383.41,0.579748164
1203,World,Monthly Atmospheric Carbon Dioxide Concentrations,2008,10,10/1/2008,383.21,0.482471091
1205,World,Monthly Atmospheric Carbon Dioxide Concentrations,2008,11,11/1/2008,384.41,0.446825189
1207,World,Monthly Atmospheric Carbon Dioxide Concentrations,2008,12,12/1/2008,385.79,0.416460605
1209,World,Monthly Atmospheric Carbon Dioxide Concentrations,2009,1,1/1/2009,387.17,0.360308984
1211,World,Monthly Atmospheric Carbon Dioxide Concentrations,2009,2,2/1/2009,387.7,0.424804435
1213,World,Monthly Atmospheric Carbon Dioxide Concentrations,2009,3,3/1/2009,389.04,0.714507611
1215,World,Monthly Atmospheric Carbon Dioxide Concentrations,2009,4,4/1/2009,389.76,0.627372008
1217,World,Monthly Atmospheric Carbon Dioxide Concentrations,2009,5,5/1/2009,390.36,0.406399506
1219,World,Monthly Atmospheric Carbon Dioxide Concentrations,2009,6,6/1/2009,389.7,0.440733009
1221,World,Monthly Atmospheric Carbon Dioxide Concentrations,2009,7,7/1/2009,388.25,0.424200098
1223,World,Monthly Atmospheric Carbon Dioxide Concentrations,2009,8,8/1/2009,386.29,0.512593672
1225,World,Monthly Atmospheric Carbon Dioxide Concentrations,2009,9,9/1/2009,384.95,0.401658799
1227,World,Monthly Atmospheric Carbon Dioxide Concentrations,2009,10,10/1/2009,384.64,0.37316354
1229,World,Monthly Atmospheric Carbon Dioxide Concentrations,2009,11,11/1/2009,386.23,0.473452824
1231,World,Monthly Atmospheric Carbon Dioxide Concentrations,2009,12,12/1/2009,387.63,0.476943415
1233,World,Monthly Atmospheric Carbon Dioxide Concentrations,2010,1,1/1/2010,388.91,0.449414986
1235,World,Monthly Atmospheric Carbon Dioxide Concentrations,2010,2,2/1/2010,390.41,0.698994068
1237,World,Monthly Atmospheric Carbon Dioxide Concentrations,2010,3,3/1/2010,391.37,0.598910138
1239,World,Monthly Atmospheric Carbon Dioxide Concentrations,2010,4,4/1/2010,392.67,0.7466133
1241,World,Monthly Atmospheric Carbon Dioxide Concentrations,2010,5,5/1/2010,393.21,0.730095297
1243,World,Monthly Atmospheric Carbon Dioxide Concentrations,2010,6,6/1/2010,392.38,0.687708494
1245,World,Monthly Atmospheric Carbon Dioxide Concentrations,2010,7,7/1/2010,390.41,0.556342563
1247,World,Monthly Atmospheric Carbon Dioxide Concentrations,2010,8,8/1/2010,388.54,0.582463952
1249,World,Monthly Atmospheric Carbon Dioxide Concentrations,2010,9,9/1/2010,387.03,0.540329913
1251,World,Monthly Atmospheric Carbon Dioxide Concentrations,2010,10,10/1/2010,387.43,0.725353577
1253,World,Monthly Atmospheric Carbon Dioxide Concentrations,2010,11,11/1/2010,388.87,0.683530539
1255,World,Monthly Atmospheric Carbon Dioxide Concentrations,2010,12,12/1/2010,389.99,0.608828006
1257,World,Monthly Atmospheric Carbon Dioxide Concentrations,2011,1,1/1/2011,391.5,0.665963848
1259,World,Monthly Atmospheric Carbon Dioxide Concentrations,2011,2,2/1/2011,392.05,0.420071207
1261,World,Monthly Atmospheric Carbon Dioxide Concentrations,2011,3,3/1/2011,392.8,0.365383141
1263,World,Monthly Atmospheric Carbon Dioxide Concentrations,2011,4,4/1/2011,393.44,0.196093412
1265,World,Monthly Atmospheric Carbon Dioxide Concentrations,2011,5,5/1/2011,394.41,0.305180438
1267,World,Monthly Atmospheric Carbon Dioxide Concentrations,2011,6,6/1/2011,393.95,0.40012233
1269,World,Monthly Atmospheric Carbon Dioxide Concentrations,2011,7,7/1/2011,392.72,0.591685664
1271,World,Monthly Atmospheric Carbon Dioxide Concentrations,2011,8,8/1/2011,390.33,0.460699027
1273,World,Monthly Atmospheric Carbon Dioxide Concentrations,2011,9,9/1/2011,389.28,0.581350283
1275,World,Monthly Atmospheric Carbon Dioxide Concentrations,2011,10,10/1/2011,389.19,0.454275611
1277,World,Monthly Atmospheric Carbon Dioxide Concentrations,2011,11,11/1/2011,390.48,0.41402011
1279,World,Monthly Atmospheric Carbon Dioxide Concentrations,2011,12,12/1/2011,392.06,0.530782841
1281,World,Monthly Atmospheric Carbon Dioxide Concentrations,2012,1,1/1/2012,393.31,0.462324393
1283,World,Monthly Atmospheric Carbon Dioxide Concentrations,2012,2,2/1/2012,394.04,0.507588318
1285,World,Monthly Atmospheric Carbon Dioxide Concentrations,2012,3,3/1/2012,394.59,0.455702648
1287,World,Monthly Atmospheric Carbon Dioxide Concentrations,2012,4,4/1/2012,396.38,0.747254982
1289,World,Monthly Atmospheric Carbon Dioxide Concentrations,2012,5,5/1/2012,396.93,0.638929033
1291,World,Monthly Atmospheric Carbon Dioxide Concentrations,2012,6,6/1/2012,395.91,0.497525067
1293,World,Monthly Atmospheric Carbon Dioxide Concentrations,2012,7,7/1/2012,394.56,0.468527195
1295,World,Monthly Atmospheric Carbon Dioxide Concentrations,2012,8,8/1/2012,392.59,0.578997259
1297,World,Monthly Atmospheric Carbon Dioxide Concentrations,2012,9,9/1/2012,391.32,0.52404439
1299,World,Monthly Atmospheric Carbon Dioxide Concentrations,2012,10,10/1/2012,391.27,0.534443331
1301,World,Monthly Atmospheric Carbon Dioxide Concentrations,2012,11,11/1/2012,393.2,0.69657857
1303,World,Monthly Atmospheric Carbon Dioxide Concentrations,2012,12,12/1/2012,394.57,0.640208131
1305,World,Monthly Atmospheric Carbon Dioxide Concentrations,2013,1,1/1/2013,395.78,0.628003356
1307,World,Monthly Atmospheric Carbon Dioxide Concentrations,2013,2,2/1/2013,397.03,0.758806213
1309,World,Monthly Atmospheric Carbon Dioxide Concentrations,2013,3,3/1/2013,397.66,0.778022758
1311,World,Monthly Atmospheric Carbon Dioxide Concentrations,2013,4,4/1/2013,398.64,0.570159948
1313,World,Monthly Atmospheric Carbon Dioxide Concentrations,2013,5,5/1/2013,400.02,0.778474794
1315,World,Monthly Atmospheric Carbon Dioxide Concentrations,2013,6,6/1/2013,398.81,0.732489707
1317,World,Monthly Atmospheric Carbon Dioxide Concentrations,2013,7,7/1/2013,397.51,0.747668289
1319,World,Monthly Atmospheric Carbon Dioxide Concentrations,2013,8,8/1/2013,395.39,0.713212257
1321,World,Monthly Atmospheric Carbon Dioxide Concentrations,2013,9,9/1/2013,393.72,0.613308801
1323,World,Monthly Atmospheric Carbon Dioxide Concentrations,2013,10,10/1/2013,393.9,0.672170113
1325,World,Monthly Atmospheric Carbon Dioxide Concentrations,2013,11,11/1/2013,395.36,0.549338759
1327,World,Monthly Atmospheric Carbon Dioxide Concentrations,2013,12,12/1/2013,397.03,0.623463517
1329,World,Monthly Atmospheric Carbon Dioxide Concentrations,2014,1,1/1/2014,398.04,0.571024306
1331,World,Monthly Atmospheric Carbon Dioxide Concentrations,2014,2,2/1/2014,398.27,0.312318968
1333,World,Monthly Atmospheric Carbon Dioxide Concentrations,2014,3,3/1/2014,399.91,0.565809988
1335,World,Monthly Atmospheric Carbon Dioxide Concentrations,2014,4,4/1/2014,401.51,0.719947823
1337,World,Monthly Atmospheric Carbon Dioxide Concentrations,2014,5,5/1/2014,401.96,0.484975751
1339,World,Monthly Atmospheric Carbon Dioxide Concentrations,2014,6,6/1/2014,401.43,0.656954439
1341,World,Monthly Atmospheric Carbon Dioxide Concentrations,2014,7,7/1/2014,399.38,0.470428417
1343,World,Monthly Atmospheric Carbon Dioxide Concentrations,2014,8,8/1/2014,397.32,0.488125648
1345,World,Monthly Atmospheric Carbon Dioxide Concentrations,2014,9,9/1/2014,395.64,0.487656202
1347,World,Monthly Atmospheric Carbon Dioxide Concentrations,2014,10,10/1/2014,396.29,0.606752983
1349,World,Monthly Atmospheric Carbon Dioxide Concentrations,2014,11,11/1/2014,397.55,0.553925536
1351,World,Monthly Atmospheric Carbon Dioxide Concentrations,2014,12,12/1/2014,399.15,0.533964688
1353,World,Monthly Atmospheric Carbon Dioxide Concentrations,2015,1,1/1/2015,400.18,0.537634409
1355,World,Monthly Atmospheric Carbon Dioxide Concentrations,2015,2,2/1/2015,400.55,0.572475959
1357,World,Monthly Atmospheric Carbon Dioxide Concentrations,2015,3,3/1/2015,401.74,0.457602961
1359,World,Monthly Atmospheric Carbon Dioxide Concentrations,2015,4,4/1/2015,403.35,0.458270031
1361,World,Monthly Atmospheric Carbon Dioxide Concentrations,2015,5,5/1/2015,404.15,0.544830331
1363,World,Monthly Atmospheric Carbon Dioxide Concentrations,2015,6,6/1/2015,402.97,0.383628528
1365,World,Monthly Atmospheric Carbon Dioxide Concentrations,2015,7,7/1/2015,401.46,0.520807251
1367,World,Monthly Atmospheric Carbon Dioxide Concentrations,2015,8,8/1/2015,399.11,0.450518474
1369,World,Monthly Atmospheric Carbon Dioxide Concentrations,2015,9,9/1/2015,397.82,0.551005965
1371,World,Monthly Atmospheric Carbon Dioxide Concentrations,2015,10,10/1/2015,398.49,0.555149007
1373,World,Monthly Atmospheric Carbon Dioxide Concentrations,2015,11,11/1/2015,400.27,0.684190668
1375,World,Monthly Atmospheric Carbon Dioxide Concentrations,2015,12,12/1/2015,402.06,0.72904923
1377,World,Monthly Atmospheric Carbon Dioxide Concentrations,2016,1,1/1/2016,402.73,0.637213254
1379,World,Monthly Atmospheric Carbon Dioxide Concentrations,2016,2,2/1/2016,404.25,0.923729871
1381,World,Monthly Atmospheric Carbon Dioxide Concentrations,2016,3,3/1/2016,405.06,0.826405138
1383,World,Monthly Atmospheric Carbon Dioxide Concentrations,2016,4,4/1/2016,407.6,1.053675468
1385,World,Monthly Atmospheric Carbon Dioxide Concentrations,2016,5,5/1/2016,407.9,0.927873314
1387,World,Monthly Atmospheric Carbon Dioxide Concentrations,2016,6,6/1/2016,406.99,0.997592873
1389,World,Monthly Atmospheric Carbon Dioxide Concentrations,2016,7,7/1/2016,404.59,0.779654262
1391,World,Monthly Atmospheric Carbon Dioxide Concentrations,2016,8,8/1/2016,402.45,0.836862018
1393,World,Monthly Atmospheric Carbon Dioxide Concentrations,2016,9,9/1/2016,401.23,0.857171585
1395,World,Monthly Atmospheric Carbon Dioxide Concentrations,2016,10,10/1/2016,401.79,0.828126176
1397,World,Monthly Atmospheric Carbon Dioxide Concentrations,2016,11,11/1/2016,403.72,0.861918205
1399,World,Monthly Atmospheric Carbon Dioxide Concentrations,2016,12,12/1/2016,404.64,0.641695269
1401,World,Monthly Atmospheric Carbon Dioxide Concentrations,2017,1,1/1/2017,406.36,0.901348298
1403,World,Monthly Atmospheric Carbon Dioxide Concentrations,2017,2,2/1/2017,406.66,0.596165739
1405,World,Monthly Atmospheric Carbon Dioxide Concentrations,2017,3,3/1/2017,407.53,0.609786205
1407,World,Monthly Atmospheric Carbon Dioxide Concentrations,2017,4,4/1/2017,409.22,0.397448479
1409,World,Monthly Atmospheric Carbon Dioxide Concentrations,2017,5,5/1/2017,409.89,0.487864673
1411,World,Monthly Atmospheric Carbon Dioxide Concentrations,2017,6,6/1/2017,409.08,0.513526131
1413,World,Monthly Atmospheric Carbon Dioxide Concentrations,2017,7,7/1/2017,407.33,0.6772288
1415,World,Monthly Atmospheric Carbon Dioxide Concentrations,2017,8,8/1/2017,405.32,0.713132066
1417,World,Monthly Atmospheric Carbon Dioxide Concentrations,2017,9,9/1/2017,403.57,0.58320664
1419,World,Monthly Atmospheric Carbon Dioxide Concentrations,2017,10,10/1/2017,403.82,0.505239055
1421,World,Monthly Atmospheric Carbon Dioxide Concentrations,2017,11,11/1/2017,405.31,0.393837313
1423,World,Monthly Atmospheric Carbon Dioxide Concentrations,2017,12,12/1/2017,407,0.58323448
1425,World,Monthly Atmospheric Carbon Dioxide Concentrations,2018,1,1/1/2018,408.15,0.440496112
1427,World,Monthly Atmospheric Carbon Dioxide Concentrations,2018,2,2/1/2018,408.52,0.457384547
1429,World,Monthly Atmospheric Carbon Dioxide Concentrations,2018,3,3/1/2018,409.59,0.505484259
1431,World,Monthly Atmospheric Carbon Dioxide Concentrations,2018,4,4/1/2018,410.45,0.30057182
1433,World,Monthly Atmospheric Carbon Dioxide Concentrations,2018,5,5/1/2018,411.44,0.378150235
1435,World,Monthly Atmospheric Carbon Dioxide Concentrations,2018,6,6/1/2018,410.99,0.46690134
1437,World,Monthly Atmospheric Carbon Dioxide Concentrations,2018,7,7/1/2018,408.9,0.385436869
1439,World,Monthly Atmospheric Carbon Dioxide Concentrations,2018,8,8/1/2018,407.16,0.453962301
1441,World,Monthly Atmospheric Carbon Dioxide Concentrations,2018,9,9/1/2018,405.71,0.530267364
1443,World,Monthly Atmospheric Carbon Dioxide Concentrations,2018,10,10/1/2018,406.19,0.586895151
1445,World,Monthly Atmospheric Carbon Dioxide Concentrations,2018,11,11/1/2018,408.21,0.715501715
1447,World,Monthly Atmospheric Carbon Dioxide Concentrations,2018,12,12/1/2018,409.27,0.557739558
1449,World,Monthly Atmospheric Carbon Dioxide Concentrations,2019,1,1/1/2019,411.03,0.705622933
1451,World,Monthly Atmospheric Carbon Dioxide Concentrations,2019,2,2/1/2019,411.96,0.842064036
1453,World,Monthly Atmospheric Carbon Dioxide Concentrations,2019,3,3/1/2019,412.18,0.632339657
1455,World,Monthly Atmospheric Carbon Dioxide Concentrations,2019,4,4/1/2019,413.54,0.752832257
1457,World,Monthly Atmospheric Carbon Dioxide Concentrations,2019,5,5/1/2019,414.86,0.83122691
1459,World,Monthly Atmospheric Carbon Dioxide Concentrations,2019,6,6/1/2019,414.16,0.771308304
1461,World,Monthly Atmospheric Carbon Dioxide Concentrations,2019,7,7/1/2019,411.97,0.750794815
1463,World,Monthly Atmospheric Carbon Dioxide Concentrations,2019,8,8/1/2019,410.18,0.741723156
1465,World,Monthly Atmospheric Carbon Dioxide Concentrations,2019,9,9/1/2019,408.76,0.751768505
1467,World,Monthly Atmospheric Carbon Dioxide Concentrations,2019,10,10/1/2019,408.75,0.630246929
1469,World,Monthly Atmospheric Carbon Dioxide Concentrations,2019,11,11/1/2019,410.48,0.556086328
1471,World,Monthly Atmospheric Carbon Dioxide Concentrations,2019,12,12/1/2019,411.98,0.662154568
1473,World,Monthly Atmospheric Carbon Dioxide Concentrations,2020,1,1/1/2020,413.61,0.627691409
1475,World,Monthly Atmospheric Carbon Dioxide Concentrations,2020,2,2/1/2020,414.34,0.577725993
1477,World,Monthly Atmospheric Carbon Dioxide Concentrations,2020,3,3/1/2020,414.74,0.621087874
1479,World,Monthly Atmospheric Carbon Dioxide Concentrations,2020,4,4/1/2020,416.45,0.703680418
1481,World,Monthly Atmospheric Carbon Dioxide Concentrations,2020,5,5/1/2020,417.31,0.590560671
1483,World,Monthly Atmospheric Carbon Dioxide Concentrations,2020,6,6/1/2020,416.6,0.589144292
1485,World,Monthly Atmospheric Carbon Dioxide Concentrations,2020,7,7/1/2020,414.62,0.643250722
1487,World,Monthly Atmospheric Carbon Dioxide Concentrations,2020,8,8/1/2020,412.78,0.633868058
1489,World,Monthly Atmospheric Carbon Dioxide Concentrations,2020,9,9/1/2020,411.52,0.675212839
1491,World,Monthly Atmospheric Carbon Dioxide Concentrations,2020,10,10/1/2020,411.51,0.675229358
1493,World,Monthly Atmospheric Carbon Dioxide Concentrations,2020,11,11/1/2020,413.12,0.643149484
1495,World,Monthly Atmospheric Carbon Dioxide Concentrations,2020,12,12/1/2020,414.26,0.553424924
1497,World,Monthly Atmospheric Carbon Dioxide Concentrations,2021,1,1/1/2021,415.52,0.461787674
1499,World,Monthly Atmospheric Carbon Dioxide Concentrations,2021,2,2/1/2021,416.75,0.581647922
1501,World,Monthly Atmospheric Carbon Dioxide Concentrations,2021,3,3/1/2021,417.64,0.699233255
1503,World,Monthly Atmospheric Carbon Dioxide Concentrations,2021,4,4/1/2021,419.05,0.624324649
1505,World,Monthly Atmospheric Carbon Dioxide Concentrations,2021,5,5/1/2021,419.13,0.43612662
1507,World,Monthly Atmospheric Carbon Dioxide Concentrations,2021,6,6/1/2021,418.94,0.56168987
1509,World,Monthly Atmospheric Carbon Dioxide Concentrations,2021,7,7/1/2021,416.96,0.564372196
1511,World,Monthly Atmospheric Carbon Dioxide Concentrations,2021,8,8/1/2021,414.47,0.409419061
